,learning_slope,mean_accuracy,social_index,spatial_index,dominance_index
learning_slope,9.999000099990002e-05,0.8612138786121388,0.7244275572442755,0.37046295370462956,0.49875012498750126
mean_accuracy,0.8586141385861414,9.999000099990002e-05,0.6906309369063094,0.8294170582941706,0.5368463153684632
social_index,0.7229277072292771,0.6975302469753024,9.999000099990002e-05,0.6092390760923908,0.869013098690131
spatial_index,0.37166283371662834,0.8354164583541646,0.5943405659434057,9.999000099990002e-05,0.0413958604139586
dominance_index,0.49665033496650335,0.5375462453754625,0.8601139886011399,0.0374962503749625,9.999000099990002e-05
