RFID,dominance_index
1512,1.0
1509,0.20631174537237543
1547,0.0
1531,0.2344775889642885
