RFID4,fast_approaches,fast_escapes,pct_time_alone
1512,56391,5469,0.7312744122604872
1509,28513,16798,0.7224895216911855
1547,15184,28510,0.7779698510163658
1531,5267,36786,0.6317803894787948
