,social_index,spatial_index
1512,0.5902913648331696,0.6530298284202476
1509,0.5030632340033308,0.40352327490423867
1547,0.7273196702408558,0.36397308537581136
1531,0.24999999999999997,0.49000000000000005
