RFID,social_index
1512,0.40970863516683054
1509,0.37613387433598444
1547,0.22433336160143397
1531,0.7500000000000001
