RFID,spatial_index
1512,0.6267195696630707
1509,0.4075261257713697
1547,0.36392767669434883
1531,0.4900000000000001
